**Provincie**|**01-03-2020**|**02-03-2020**|**03-03-2020**|**04-03-2020**|**05-03-2020**|**06-03-2020**|**07-03-2020**|**27-02-2020**|**28-02-2020**|**29-02-2020**
:-|:-|:-|:-|:-|:-|:-|:-|:-|:-|:-
**Drenthe**|1.0|1.0|2.0|2.0|3.0|3.0|3.0|0.0|0.0|0.0
**Flevoland**|0.0|0.0|0.0|0.0|1.0|2.0|2.0|0.0|0.0|0.0
**Gelderland**|0.0|0.0|0.0|1.0|2.0|10.0|13.0|0.0|0.0|0.0
**Limburg**|0.0|0.0|0.0|0.0|2.0|10.0|11.0|0.0|0.0|0.0
**Noord-Brabant**|5.0|8.0|12.0|17.0|24.0|34.0|57.0|1.0|1.0|3.0
**Noord-Holland**|3.0|3.0|3.0|7.0|9.0|10.0|17.0|0.0|1.0|3.0
**Overijssel**|0.0|0.0|0.0|0.0|1.0|1.0|4.0|0.0|0.0|0.0
**Utrecht**|0.0|3.0|3.0|3.0|23.0|33.0|47.0|0.0|0.0|0.0
**Zeeland**|0.0|0.0|0.0|0.0|0.0|0.0|1.0|0.0|0.0|0.0
**Zuid-Holland**|2.0|3.0|3.0|7.0|12.0|23.0|29.0|0.0|0.0|1.0
