**Gemeentenaam**|**01-03-2020**|**02-03-2020**|**03-03-2020**|**04-03-2020**|**05-03-2020**|**06-03-2020**|**07-03-2020**|**27-02-2020**|**28-02-2020**|**29-02-2020**
:-|:-|:-|:-|:-|:-|:-|:-|:-|:-|:-
**'s-Gravenhage**|0.0|0.0|0.0|0.0|0.0|3.0|2.0|0.0|0.0|0.0
**'s-Hertogenbosch**|0.0|0.0|0.0|0.0|0.0|0.0|2.0|0.0|0.0|0.0
**Almere**|0.0|0.0|0.0|0.0|0.0|1.0|1.0|0.0|0.0|0.0
**Alphen aan den Rijn**|0.0|1.0|1.0|1.0|1.0|1.0|1.0|0.0|0.0|0.0
**Altena**|1.0|1.0|3.0|3.0|4.0|4.0|4.0|0.0|0.0|0.0
**Amstelveen**|0.0|0.0|0.0|0.0|0.0|0.0|1.0|0.0|0.0|0.0
**Amsterdam**|1.0|1.0|0.0|1.0|2.0|2.0|3.0|0.0|1.0|1.0
**Arnhem**|0.0|0.0|0.0|0.0|0.0|1.0|1.0|0.0|0.0|0.0
**Beekdaelen**|0.0|0.0|0.0|0.0|0.0|1.0|2.0|0.0|0.0|0.0
**Bernheze**|0.0|0.0|0.0|0.0|0.0|0.0|1.0|0.0|0.0|0.0
**Best**|0.0|0.0|0.0|0.0|1.0|1.0|1.0|0.0|0.0|0.0
**Beuningen**|0.0|0.0|0.0|0.0|0.0|1.0|1.0|0.0|0.0|0.0
**Beverwijk**|0.0|0.0|0.0|1.0|2.0|2.0|3.0|0.0|0.0|0.0
**Blaricum**|0.0|0.0|0.0|1.0|1.0|1.0|1.0|0.0|0.0|0.0
**Bloemendaal**|0.0|0.0|0.0|0.0|0.0|0.0|1.0|0.0|0.0|0.0
**Borne**|0.0|0.0|0.0|0.0|1.0|1.0|2.0|0.0|0.0|0.0
**Breda**|0.0|0.0|0.0|0.0|0.0|2.0|2.0|0.0|0.0|0.0
**Bronckhorst**|0.0|0.0|0.0|0.0|0.0|1.0|1.0|0.0|0.0|0.0
**Coevorden**|1.0|1.0|2.0|2.0|3.0|3.0|3.0|0.0|0.0|0.0
**Culemborg**|0.0|0.0|0.0|0.0|1.0|1.0|1.0|0.0|0.0|0.0
**De Bilt**|0.0|0.0|0.0|0.0|2.0|3.0|6.0|0.0|0.0|0.0
**Delft**|1.0|1.0|1.0|1.0|1.0|1.0|1.0|0.0|0.0|1.0
**Diemen**|2.0|2.0|2.0|2.0|2.0|2.0|2.0|0.0|0.0|2.0
**Dinkelland**|0.0|0.0|0.0|0.0|0.0|0.0|1.0|0.0|0.0|0.0
**Dongen**|0.0|0.0|0.0|0.0|1.0|1.0|2.0|0.0|0.0|0.0
**Eindhoven**|0.0|0.0|1.0|1.0|3.0|4.0|4.0|0.0|0.0|0.0
**Gemert-Bakel**|0.0|0.0|0.0|0.0|1.0|1.0|1.0|0.0|0.0|0.0
**Gooise Meren**|0.0|0.0|0.0|1.0|1.0|2.0|2.0|0.0|0.0|0.0
**Gorinchem**|1.0|1.0|0.0|0.0|0.0|0.0|0.0|0.0|0.0|0.0
**Haarlem**|0.0|0.0|1.0|1.0|1.0|1.0|1.0|0.0|0.0|0.0
**Hardinxveld-Giessendam**|0.0|0.0|0.0|1.0|2.0|4.0|4.0|0.0|0.0|0.0
**Hellendoorn**|0.0|0.0|0.0|0.0|0.0|0.0|1.0|0.0|0.0|0.0
**Helmond**|0.0|1.0|1.0|4.0|4.0|4.0|4.0|0.0|0.0|0.0
**Heusden**|0.0|0.0|0.0|0.0|0.0|0.0|1.0|0.0|0.0|0.0
**Hoeksche Waard**|0.0|0.0|0.0|1.0|1.0|1.0|2.0|0.0|0.0|0.0
**Houten**|0.0|1.0|1.0|1.0|9.0|9.0|13.0|0.0|0.0|0.0
**Landsmeer**|0.0|0.0|0.0|0.0|0.0|0.0|1.0|0.0|0.0|0.0
**Lansingerland**|0.0|0.0|0.0|0.0|0.0|1.0|2.0|0.0|0.0|0.0
**Leidschendam-Voorburg**|0.0|0.0|0.0|0.0|0.0|0.0|1.0|0.0|0.0|0.0
**Lingewaard**|0.0|0.0|0.0|0.0|0.0|1.0|2.0|0.0|0.0|0.0
**Loon op Zand**|0.0|1.0|4.0|5.0|5.0|5.0|7.0|0.0|0.0|0.0
**Maastricht**|0.0|0.0|0.0|0.0|0.0|2.0|3.0|0.0|0.0|0.0
**Meierijstad**|0.0|0.0|0.0|0.0|0.0|0.0|1.0|0.0|0.0|0.0
**Nijmegen**|0.0|0.0|0.0|0.0|0.0|1.0|2.0|0.0|0.0|0.0
**Oegstgeest**|0.0|0.0|0.0|0.0|0.0|0.0|1.0|0.0|0.0|0.0
**Oisterwijk**|0.0|0.0|0.0|0.0|0.0|1.0|3.0|0.0|0.0|0.0
**Oss**|0.0|1.0|1.0|1.0|1.0|1.0|1.0|0.0|0.0|0.0
**Pijnacker-Nootdorp**|0.0|0.0|0.0|0.0|2.0|2.0|2.0|0.0|0.0|0.0
**Renkum**|0.0|0.0|0.0|0.0|0.0|1.0|1.0|0.0|0.0|0.0
**Ridderkerk**|0.0|0.0|0.0|0.0|0.0|0.0|1.0|0.0|0.0|0.0
**Rotterdam**|0.0|0.0|1.0|3.0|5.0|9.0|11.0|0.0|0.0|0.0
**Schouwen-Duiveland**|0.0|0.0|0.0|0.0|0.0|0.0|1.0|0.0|0.0|0.0
**Simpelveld**|0.0|0.0|0.0|0.0|0.0|2.0|2.0|0.0|0.0|0.0
**Sint-Michielsgestel**|0.0|0.0|0.0|0.0|1.0|2.0|3.0|0.0|0.0|0.0
**Sittard-Geleen**|0.0|0.0|0.0|0.0|2.0|5.0|4.0|0.0|0.0|0.0
**Soest**|0.0|0.0|0.0|0.0|4.0|6.0|7.0|0.0|0.0|0.0
**Stichtse Vecht**|0.0|0.0|0.0|0.0|2.0|3.0|4.0|0.0|0.0|0.0
**Tilburg**|4.0|4.0|2.0|3.0|3.0|4.0|10.0|1.0|1.0|3.0
**Uden**|0.0|0.0|0.0|0.0|0.0|2.0|6.0|0.0|0.0|0.0
**Utrecht**|0.0|2.0|2.0|2.0|6.0|8.0|11.0|0.0|0.0|0.0
**Utrechtse Heuvelrug**|0.0|0.0|0.0|0.0|0.0|1.0|1.0|0.0|0.0|0.0
**Vijfheerenlanden**|0.0|0.0|0.0|0.0|0.0|0.0|1.0|0.0|0.0|0.0
**Waalre**|0.0|0.0|0.0|0.0|0.0|1.0|1.0|0.0|0.0|0.0
**Waalwijk**|0.0|0.0|0.0|0.0|0.0|1.0|3.0|0.0|0.0|0.0
**West Betuwe**|0.0|0.0|0.0|0.0|0.0|1.0|2.0|0.0|0.0|0.0
**West Maas en Waal**|0.0|0.0|0.0|0.0|0.0|1.0|1.0|0.0|0.0|0.0
**Westvoorne**|0.0|0.0|0.0|0.0|0.0|1.0|1.0|0.0|0.0|0.0
**Wijk bij Duurstede**|0.0|0.0|0.0|0.0|0.0|1.0|1.0|0.0|0.0|0.0
**Woerden**|0.0|0.0|0.0|0.0|0.0|2.0|2.0|0.0|0.0|0.0
**Zaanstad**|0.0|0.0|0.0|0.0|0.0|0.0|2.0|0.0|0.0|0.0
**Zaltbommel**|0.0|0.0|0.0|1.0|1.0|1.0|1.0|0.0|0.0|0.0
**Zeewolde**|0.0|0.0|0.0|0.0|1.0|1.0|1.0|0.0|0.0|0.0
**Zeist**|0.0|0.0|0.0|0.0|0.0|0.0|1.0|0.0|0.0|0.0
