**Gemeentenaam**|**03-03-2020**|**04-03-2020**|**05-03-2020**
:-|:-|:-|:-
**Alphen aan den Rijn**|1.0|1.0|1.0
**Altena**|3.0|3.0|4.0
**Amsterdam**|0.0|1.0|2.0
**Best**|0.0|0.0|1.0
**Beverwijk**|0.0|1.0|2.0
**Blaricum**|0.0|1.0|1.0
**Borne**|0.0|0.0|1.0
**Coevorden**|2.0|2.0|3.0
**Culemborg**|0.0|0.0|1.0
**De Bilt**|0.0|0.0|2.0
**Delft**|1.0|1.0|1.0
**Diemen**|2.0|2.0|2.0
**Dongen**|0.0|0.0|1.0
**Eindhoven**|1.0|1.0|3.0
**Gemert-Bakel**|0.0|0.0|1.0
**Gooise Meren**|0.0|1.0|1.0
**Haarlem**|1.0|1.0|1.0
**Hardinxveld-Giessendam**|0.0|1.0|2.0
**Helmond**|1.0|4.0|4.0
**Hoeksche Waard**|0.0|1.0|1.0
**Houten**|1.0|1.0|9.0
**Loon op Zand**|4.0|5.0|5.0
**Oss**|1.0|1.0|1.0
**Pijnacker-Nootdorp**|0.0|0.0|2.0
**Rotterdam**|1.0|3.0|5.0
**Sint-Michielsgestel**|0.0|0.0|1.0
**Sittard-Geleen**|0.0|0.0|2.0
**Soest**|0.0|0.0|4.0
**Stichtse Vecht**|0.0|0.0|2.0
**Tilburg**|2.0|3.0|3.0
**Utrecht**|2.0|2.0|6.0
**Zaltbommel**|0.0|1.0|1.0
**Zeewolde**|0.0|0.0|1.0
